{"cameraMode":{"drawMode":0,"name":"Shaded","section":"Shading Mode"},"sceneLighting":true,"audioPlay":false,"sceneViewState":{"m_AlwaysRefresh":false,"showFog":true,"showSkybox":true,"showFlares":true,"showImageEffects":true,"showParticleSystems":true,"showVisualEffectGraphs":true,"m_FxEnabled":true},"in2DMode":false,"pivot":{"x":-69.10548400878906,"y":-1.6336085796356202,"z":-0.43114423751831057},"rotation":{"x":-0.042942970991134647,"y":0.9313158988952637,"z":-0.11684450507164002,"w":-0.34227949380874636},"size":1.9986658096313477,"orthographic":false}