{"cameraMode":{"drawMode":0,"name":"Shaded","section":"Shading Mode"},"sceneLighting":true,"audioPlay":false,"sceneViewState":{"m_AlwaysRefresh":false,"showFog":true,"showSkybox":true,"showFlares":true,"showImageEffects":true,"showParticleSystems":true,"showVisualEffectGraphs":true,"m_FxEnabled":true},"in2DMode":false,"pivot":{"x":-1.4219484329223633,"y":1.2091270685195923,"z":0.1343364715576172},"rotation":{"x":0.10707812011241913,"y":0.837913990020752,"z":-0.5049054026603699,"w":0.17770780622959138},"size":6.518132209777832,"orthographic":false}