{"cameraMode":{"drawMode":0,"name":"Shaded","section":"Shading Mode"},"sceneLighting":true,"audioPlay":false,"sceneViewState":{"m_AlwaysRefresh":false,"showFog":true,"showSkybox":true,"showFlares":true,"showImageEffects":true,"showParticleSystems":true,"showVisualEffectGraphs":true,"m_FxEnabled":true},"in2DMode":false,"pivot":{"x":-5.5348615646362309,"y":-7.2366838455200199,"z":-1.7498884201049805},"rotation":{"x":0.057238467037677768,"y":0.9080682992935181,"z":-0.39338964223861697,"w":0.13212242722511292},"size":9.366765975952149,"orthographic":false}