{"cameraMode":{"drawMode":0,"name":"Shaded","section":"Shading Mode"},"sceneLighting":true,"audioPlay":false,"sceneViewState":{"m_AlwaysRefresh":false,"showFog":true,"showSkybox":true,"showFlares":true,"showImageEffects":true,"showParticleSystems":true,"showVisualEffectGraphs":true,"m_FxEnabled":true},"in2DMode":false,"pivot":{"x":-3.2980470657348635,"y":-2.8848514556884767,"z":1.4499664306640626},"rotation":{"x":0.5376977920532227,"y":0.22122445702552796,"z":-0.14870506525039674,"w":0.7999336123466492},"size":11.674053192138672,"orthographic":false}