{"cameraMode":{"drawMode":0,"name":"Shaded","section":"Shading Mode"},"sceneLighting":true,"audioPlay":false,"sceneViewState":{"m_AlwaysRefresh":false,"showFog":true,"showSkybox":true,"showFlares":true,"showImageEffects":true,"showParticleSystems":true,"showVisualEffectGraphs":true,"m_FxEnabled":true},"in2DMode":false,"pivot":{"x":0.29844188690185549,"y":0.7158701419830322,"z":0.48960089683532717},"rotation":{"x":0.06431536376476288,"y":0.9357146620750427,"z":-0.24772585928440095,"w":0.24290108680725099},"size":11.067254066467286,"orthographic":false}