{"cameraMode":{"drawMode":0,"name":"Shaded","section":"Shading Mode"},"sceneLighting":true,"audioPlay":false,"sceneViewState":{"m_AlwaysRefresh":false,"showFog":true,"showSkybox":true,"showFlares":true,"showImageEffects":true,"showParticleSystems":true,"showVisualEffectGraphs":true,"m_FxEnabled":true},"in2DMode":false,"pivot":{"x":-7.880076885223389,"y":0.25366199016571047,"z":-6.939650535583496},"rotation":{"x":0.08291447907686234,"y":0.9058467149734497,"z":-0.3589828908443451,"w":0.20921841263771058},"size":1.1614491939544678,"orthographic":false}