{"cameraMode":{"drawMode":0,"name":"Shaded","section":"Shading Mode"},"sceneLighting":true,"audioPlay":false,"sceneViewState":{"m_AlwaysRefresh":false,"showFog":true,"showSkybox":true,"showFlares":true,"showImageEffects":true,"showParticleSystems":true,"showVisualEffectGraphs":true,"m_FxEnabled":true},"in2DMode":false,"pivot":{"x":1980.715576171875,"y":1099.95361328125,"z":17.346416473388673},"rotation":{"x":-0.013272451236844063,"y":0.07452291250228882,"z":-0.0009875954128801823,"w":-0.9971562027931213},"size":1493.375732421875,"orthographic":false}