{"cameraMode":{"drawMode":0,"name":"Shaded","section":"Shading Mode"},"sceneLighting":true,"audioPlay":false,"sceneViewState":{"m_AlwaysRefresh":false,"showFog":true,"showSkybox":true,"showFlares":true,"showImageEffects":true,"showParticleSystems":true,"showVisualEffectGraphs":true,"m_FxEnabled":true},"in2DMode":false,"pivot":{"x":-8.211203575134278,"y":1.8556067943572999,"z":-6.141707897186279},"rotation":{"x":0.34055042266845705,"y":0.08007916063070297,"z":-0.029126472771167756,"w":0.9364023804664612},"size":3.1038665771484377,"orthographic":false}