{"cameraMode":{"drawMode":0,"name":"Shaded","section":"Shading Mode"},"sceneLighting":true,"audioPlay":false,"sceneViewState":{"m_AlwaysRefresh":false,"showFog":true,"showSkybox":true,"showFlares":true,"showImageEffects":true,"showParticleSystems":true,"showVisualEffectGraphs":true,"m_FxEnabled":true},"in2DMode":false,"pivot":{"x":0.995295524597168,"y":0.027133941650390626,"z":-0.16503524780273438},"rotation":{"x":0.4389539957046509,"y":0.11253419518470764,"z":-0.05552093684673309,"w":0.8897510170936585},"size":12.751395225524903,"orthographic":false}